id,degree_centrality,closeness_centrality,betweenness_centrality
35,0.0680354267310789,0.09517648277385683,0.0005870461272995608
210871,0.007246376811594203,0.0891640597768555,0.0009261015701185666
6213,0.03180354267310789,0.06181975101136185,0.001008986713516647
82920,0.009259259259259259,0.07924783629713592,0.0
4584,0.01288244766505636,0.07318703442615773,0.0
